Running,tests...,
Running,slow,with
sum:,67108864,,time:
-----------------------------------,,
Running,slow,with
sum:,67108864,,time:
-----------------------------------,,
Running,slow,with
sum:,67108864,,time:
-----------------------------------,,
Running,slow,with
sum:,67108864,,time:
-----------------------------------,,
Running,slow,with
sum:,67108864,,time:
-----------------------------------,,
Running,medium,with
sum:,67108864,,time:
-----------------------------------,,
Running,medium,with
sum:,67108864,,time:
-----------------------------------,,
Running,medium,with
sum:,67108864,,time:
-----------------------------------,,
Running,medium,with
sum:,67108864,,time:
-----------------------------------,,
Running,medium,with
sum:,67108864,,time:
-----------------------------------,,
Running,fast,with
sum:,67108864,,time:
-----------------------------------,,
Running,fast,with
sum:,67108864,,time:
-----------------------------------,,
Running,fast,with
sum:,67108864,,time:
-----------------------------------,,
Running,fast,with
sum:,67108864,,time:
-----------------------------------,,
Running,fast,with
sum:,67108864,,time:
-----------------------------------,,
Running,tests...,
Running,slow,with
sum:,67108864,,time:
-----------------------------------,,
Running,slow,with
sum:,67108864,,time:
-----------------------------------,,
Running,slow,with
sum:,67108864,,time:
-----------------------------------,,
Running,slow,with
sum:,67108864,,time:
-----------------------------------,,
Running,slow,with
sum:,67108864,,time:
-----------------------------------,,
Running,medium,with
sum:,67108864,,time:
-----------------------------------,,
Running,medium,with
sum:,67108864,,time:
-----------------------------------,,
Running,medium,with
sum:,67108864,,time:
-----------------------------------,,
Running,medium,with
sum:,67108864,,time:
-----------------------------------,,
Running,medium,with
sum:,67108864,,time:
-----------------------------------,,
Running,fast,with
sum:,67108864,,time:
-----------------------------------,,
Running,fast,with
sum:,67108864,,time:
-----------------------------------,,
Running,fast,with
sum:,67108864,,time:
-----------------------------------,,
Running,fast,with
sum:,67108864,,time:
-----------------------------------,,
Running,fast,with
sum:,67108864,,time:
-----------------------------------,,
